# query	expected_doc_id	notes
*	__nonempty__	Control query: any seeded document is acceptable.
Evidara staging seed document	doc_2adgt1ejqzhjj24tn8svn54h08	Stable HITL smoke target.
Rescore smoke section	doc_2adgt1ejqzhjj24tn8svn54h08	Stable HITL smoke target section text.
Swiss Code of Obligations	doc_76v36gavcnq3sfs52fbsbvzs81	Fedlex law excerpt.
Kuendigungsfrist employer liability	doc_76v36gavcnq3sfs52fbsbvzs81	Fedlex law excerpt metadata/content anchor.
contract notice	doc_2dg03eb27dws3g13j19t1f94ax	BGer decision should appear in top 5.
Federal Supreme Court staging decision	doc_2dg03eb27dws3g13j19t1f94ax	BGer decision title anchor.
proportionality notice periods	doc_6qkdbsn4jan80qg7fs09qj7dc5	Commentary document title/content anchor.
legal commentary	doc_6qkdbsn4jan80qg7fs09qj7dc5	Commentary document type/content anchor.
